{
  "nodes":[
    {"source_id":0,"name":"Ale","group":1},
    {"source_id":1,"name":"Lager","group":1},
    {"source_id":2,"name":"Irish Ale","group":2},
    {"source_id":3,"name":"Pale Ale","group":2},
    {"source_id":4,"name":"Brown Ale","group":2},
    {"source_id":5,"name":"Mild Ale","group":2},
    {"source_id":6,"name":"Pumpkin Ale","group":2},
    {"source_id":7,"name":"American Wild Ale","group":2},
    {"source_id":8,"name":"Lambic","group":2},
    {"source_id":9,"name":"Sahti","group":2},
    {"source_id":10,"name":"Belgian/French Ale","group":2},
    {"source_id":11,"name":"Stout/Porter","group":2},
    {"source_id":12,"name":"Cream Ale","group":2},
    {"source_id":13,"name":"California Common","group":2},
    {"source_id":14,"name":"German Ale","group":2},
    {"source_id":15,"name":"German Lager","group":2},
    {"source_id":16,"name":"European Lager","group":2},
    {"source_id":17,"name":"Pilsner","group":2},
    {"source_id":18,"name":"American Lager","group":2},
    {"source_id":19,"name":"American Pale Ale","group":3},
    {"source_id":20,"name":"Strong Pale Ale","group":3},
    {"source_id":21,"name":"India Pale Ale","group":3},
    {"source_id":22,"name":"English Pale Ale/Bitter","group":3},
    {"source_id":23,"name":"Faro","group":3},
    {"source_id":24,"name":"Gueuze","group":3},
    {"source_id":25,"name":"Fruit","group":3},
    {"source_id":26,"name":"Unblended","group":3},
    {"source_id":27,"name":"Witbier","group":3},
    {"source_id":28,"name":"Oud Bruin","group":3},
    {"source_id":29,"name":"Saison","group":3},
    {"source_id":30,"name":"Biere De Garde","group":3},
    {"source_id":31,"name":"Biere De Champagne","group":3},
    {"source_id":32,"name":"Belgian Pale Ale","group":3},
    {"source_id":33,"name":"Belgian Dark Ale","group":3},
    {"source_id":34,"name":"Flanders Red Ale","group":3},
    {"source_id":35,"name":"American Porter","group":3},
    {"source_id":36,"name":"American Stout","group":3},
    {"source_id":37,"name":"English Porter","group":3},
    {"source_id":38,"name":"Irish Stout","group":3},
    {"source_id":39,"name":"Imperial Stout","group":3},
    {"source_id":40,"name":"Flavored Stout","group":3},
    {"source_id":41,"name":"Oatmeal Stout","group":3},
    {"source_id":42,"name":"Baltic Porter","group":3},
    {"source_id":43,"name":"Sweet Stout","group":3},
    {"source_id":44,"name":"Roggenbier","group":3},
    {"source_id":45,"name":"Kolsch","group":3},
    {"source_id":46,"name":"Altbier","group":3},
    {"source_id":47,"name":"Weissbier","group":3},
    {"source_id":48,"name":"Dortmunder","group":3},
    {"source_id":49,"name":"Bock","group":3},
    {"source_id":50,"name":"Keller Bier","group":3},
    {"source_id":51,"name":"Marzen","group":3},
    {"source_id":52,"name":"Schwarzbier","group":3},
    {"source_id":53,"name":"Munich Lager","group":3},
    {"source_id":54,"name":"Vienna Lager","group":3},
    {"source_id":55,"name":"Rauchbier","group":3},
    {"source_id":56,"name":"European Pale Lager","group":3},
    {"source_id":57,"name":"Eurpoean Strong Lager","group":3},
    {"source_id":58,"name":"American Imperial Pilsner","group":3},
    {"source_id":59,"name":"American Pilsner","group":3},
    {"source_id":60,"name":"German Pilsener","group":3},
    {"source_id":61,"name":"Bohemian Pilsner","group":3},
    {"source_id":62,"name":"American Pale Lager","group":3},
    {"source_id":63,"name":"American Dark/Amber Lager","group":3},
    {"source_id":64,"name":"American Adjunct Lager","group":3},
    {"source_id":65,"name":"Blonde Ale","group":4},
    {"source_id":66,"name":"American Wheat Ale","group":4},
    {"source_id":67,"name":"Amber Ale","group":4},
    {"source_id":68,"name":"English Strong Ale","group":4},
    {"source_id":69,"name":"Old Ale","group":4},
    {"source_id":70,"name":"American Strong Ale","group":4},
    {"source_id":71,"name":"Wheat Wine","group":4},
    {"source_id":72,"name":"Barely Wine","group":4},
    {"source_id":73,"name":"Scotch Ale","group":4},
    {"source_id":74,"name":"Double IPA","group":4},
    {"source_id":75,"name":"Black IPA","group":4},
    {"source_id":76,"name":"Light Ale","group":4},
    {"source_id":77,"name":"Premium Bitter/ESB","group":4},
    {"source_id":78,"name":"Burton Pale Ale","group":4},
    {"source_id":79,"name":"Belgian Strong Pale Ale","group":4},
    {"source_id":80,"name":"Belgian Strong Dark Ale","group":4},
    {"source_id":81,"name":"Foreign Stout","group":4},
    {"source_id":82,"name":"Hefeweizen","group":4},
    {"source_id":83,"name":"Gose","group":4},
    {"source_id":84,"name":"Berliner Weisse","group":4},
    {"source_id":85,"name":"Kristall-Weizen","group":4},
    {"source_id":86,"name":"Weizenbock","group":4},
    {"source_id":87,"name":"Dunkel-Weizen","group":4},
    {"source_id":88,"name":"Maibock/Helles","group":4},
    {"source_id":89,"name":"Doppelbock","group":4},
    {"source_id":90,"name":"Eisbock","group":4},
    {"source_id":91,"name":"Dunkler Bock","group":4},
    {"source_id":92,"name":"Munich Helles","group":4},
    {"source_id":93,"name":"Munich Dunkel","group":4},
    {"source_id":94,"name":"European Dark Lager","group":4},
    {"source_id":95,"name":"Light Beer","group":4},
    {"source_id":96,"name":"Malt Liquor","group":4},
    {"source_id":97,"name":"Dry Beer","group":4},
    {"source_id":98,"name":"Ice Beer","group":4},
    {"source_id":99,"name":"Japanese Rice Lager","group":4},
    {"source_id":100,"name":"Winter Warmer","group":5},
    {"source_id":101,"name":"Tripel","group":5},
    {"source_id":102,"name":"Dubbel","group":5},
    {"source_id":103,"name":"Quadrupel","group":5}



  ],
  "links":[


    {"source_id":0,"target_id":2,"weight":1},
    {"source_id":0,"target_id":3,"weight":1},
    {"source_id":0,"target_id":4,"weight":1},
    {"source_id":0,"target_id":5,"weight":1},
    {"source_id":0,"target_id":6,"weight":1},
    {"source_id":0,"target_id":7,"weight":1},
    {"source_id":0,"target_id":8,"weight":1},
    {"source_id":0,"target_id":9,"weight":1},
    {"source_id":0,"target_id":10,"weight":1},
    {"source_id":0,"target_id":11,"weight":1},
    {"source_id":0,"target_id":12,"weight":1},
    {"source_id":0,"target_id":13,"weight":1},
    {"source_id":0,"target_id":14,"weight":1},
    {"source_id":1,"target_id":15,"weight":1},
    {"source_id":1,"target_id":16,"weight":1},
    {"source_id":1,"target_id":17,"weight":1},
    {"source_id":1,"target_id":18,"weight":1},

    {"source_id":3,"target_id":19,"weight":1},
    {"source_id":3,"target_id":20,"weight":1},
    {"source_id":3,"target_id":21,"weight":1},
    {"source_id":3,"target_id":22,"weight":1},
    {"source_id":8,"target_id":23,"weight":1},
    {"source_id":8,"target_id":24,"weight":1},
    {"source_id":8,"target_id":25,"weight":1},
    {"source_id":8,"target_id":26,"weight":1},
    {"source_id":10,"target_id":27,"weight":1},
    {"source_id":10,"target_id":28,"weight":1},
    {"source_id":10,"target_id":29,"weight":1},
    {"source_id":10,"target_id":30,"weight":1},
    {"source_id":10,"target_id":31,"weight":1},
    {"source_id":10,"target_id":32,"weight":1},
    {"source_id":10,"target_id":33,"weight":1},
    {"source_id":10,"target_id":34,"weight":1},
    {"source_id":11,"target_id":35,"weight":1},
    {"source_id":11,"target_id":36,"weight":1},
    {"source_id":11,"target_id":37,"weight":1},
    {"source_id":11,"target_id":38,"weight":1},
    {"source_id":11,"target_id":39,"weight":1},
    {"source_id":11,"target_id":40,"weight":1},
    {"source_id":11,"target_id":41,"weight":1},
    {"source_id":11,"target_id":42,"weight":1},
    {"source_id":11,"target_id":43,"weight":1},
    {"source_id":14,"target_id":44,"weight":1},
    {"source_id":14,"target_id":45,"weight":1},
    {"source_id":14,"target_id":46,"weight":1},
    {"source_id":14,"target_id":47,"weight":1},
    {"source_id":15,"target_id":48,"weight":1},
    {"source_id":15,"target_id":49,"weight":1},
    {"source_id":15,"target_id":50,"weight":1},
    {"source_id":15,"target_id":51,"weight":1},
    {"source_id":15,"target_id":52,"weight":1},
    {"source_id":15,"target_id":53,"weight":1},
    {"source_id":15,"target_id":54,"weight":1},
    {"source_id":15,"target_id":55,"weight":1},
    {"source_id":16,"target_id":56,"weight":1},
    {"source_id":16,"target_id":57,"weight":1},
    {"source_id":17,"target_id":58,"weight":1},
    {"source_id":17,"target_id":59,"weight":1},
    {"source_id":17,"target_id":60,"weight":1},
    {"source_id":17,"target_id":61,"weight":1},
    {"source_id":18,"target_id":62,"weight":1},
    {"source_id":18,"target_id":63,"weight":1},
    {"source_id":18,"target_id":64,"weight":1},

    {"source_id":19,"target_id":65,"weight":1},
    {"source_id":19,"target_id":66,"weight":1},
    {"source_id":19,"target_id":67,"weight":1},
    {"source_id":20,"target_id":68,"weight":1},
    {"source_id":20,"target_id":69,"weight":1},
    {"source_id":20,"target_id":70,"weight":1},
    {"source_id":20,"target_id":71,"weight":1},
    {"source_id":20,"target_id":72,"weight":1},
    {"source_id":20,"target_id":73,"weight":1},
    {"source_id":20,"target_id":74,"weight":1},
    {"source_id":21,"target_id":75,"weight":1},
    {"source_id":22,"target_id":76,"weight":1},
    {"source_id":22,"target_id":77,"weight":1},
    {"source_id":22,"target_id":78,"weight":1},
    {"source_id":32,"target_id":79,"weight":1},
    {"source_id":33,"target_id":80,"weight":1},
    {"source_id":38,"target_id":81,"weight":1},
    {"source_id":47,"target_id":82,"weight":1},
    {"source_id":47,"target_id":83,"weight":1},
    {"source_id":47,"target_id":84,"weight":1},
    {"source_id":47,"target_id":85,"weight":1},
    {"source_id":47,"target_id":86,"weight":1},
    {"source_id":47,"target_id":87,"weight":1},
    {"source_id":49,"target_id":88,"weight":1},
    {"source_id":49,"target_id":89,"weight":1},
    {"source_id":49,"target_id":90,"weight":1},
    {"source_id":49,"target_id":91,"weight":1},
    {"source_id":53,"target_id":92,"weight":1},
    {"source_id":53,"target_id":93,"weight":1},
    {"source_id":57,"target_id":94,"weight":1},
    {"source_id":64,"target_id":95,"weight":1},
    {"source_id":64,"target_id":96,"weight":1},
    {"source_id":64,"target_id":97,"weight":1},
    {"source_id":64,"target_id":98,"weight":1},
    {"source_id":64,"target_id":99,"weight":1},

    {"source_id":68,"target_id":100,"weight":1},
    {"source_id":79,"target_id":101,"weight":1},
    {"source_id":80,"target_id":102,"weight":1},
    {"source_id":80,"target_id":103,"weight":1}

  

  ]
}