{
	"name": "Beer",
	"children": [
		{"name":"Ale","children":[
			{"name":"Irish Ale","children":[
				{"name": "McSorley's Ale","beer":1},
				{"name": "Smithwick's Ale","beer":1}
			]},
			{"name":"Pale Ale","children":[
				{"name":"American Pale Ale","children":[
					{"name": "Dogfish Head Shelter Pale Ale","beer":1},
					{"name": "HeBrew Genesis Ale","beer":1},
					{"name": "Oskar Blues Dale's Pale Ale","beer":1},
					{"name": "Three Floyds Alpha King","beer":1},
					{"name": "Sierra Nevada Pale Ale","beer":1},
					{"name": "Anchor Liberty Ale","beer":1},
					{"name":"Blonde Ale","children":[
						{"name": "Rogue Oregon Blond Ale","beer":1},
						{"name": "Redhook Blonde Ale","beer":1}
					]},
					{"name":"American Wheat Ale","children":[
						{"name": "Three Floyds Gumballhead","beer":1},
						{"name": "Lost Coast Apricot Wheat","beer":1},
						{"name": "New Glarus Crack'd Wheat","beer":1}
					]},
					{"name":"Amber Ale","children":[
						{"name": "New Belgium Fat Tire","beer":1},
						{"name": "Troegs Hopback Amber Ale","beer":1}
					]}
				]},
				{"name":"Strong Pale Ale","children":[
					{"name":"English Strong Ale","children":[
						{"name": "Ridgway Insanely Bad Elf","beer":1},
						{"name": "Fuller's 1845","beer":1},
						{"name":"Winter Warmer","children":[
							{"name": "Avery Old Jubilation Ale","beer":1},
							{"name": "Pyramid Snow Cap","beer":1}
						]}
					]},
					{"name":"Old Ale","children":[
						{"name": "Kuhnhenn Fourth Dementia Old Ale","beer":1},
						{"name": "Theakston Old Peculier","beer":1}
					]},
					{"name":"American Strong Ale","children":[
						{"name": "Mendocino Eye of the Hawk","beer":1},
						{"name": "Rogue Double Dead Guy Ale","beer":1},
						{"name": "Arrogant Bastard Ale","beer":1}
					]},
					{"name":"Wheat Wine","children":[
						{"name": "Terrapin Gamma Ray","beer":1},
						{"name": "Smuttynose Wheat Wine","beer":1}
					]},
					{"name":"Barely Wine","children":[
						{"name": "Victory Old Horizontal","beer":1},
						{"name": "Brooklyn Monster Ale","beer":1},
						{"name": "Sierra Nevada Bigfoot","beer":1}
					]},
					{"name":"Scotch Ale","children":[
						{"name": "AleSmith Wee Heavy Scotch Ale","beer":1},
						{"name": "Founders Dirty Bastard Scotch Ale","beer":1},
						{"name": "McEwan's Scotch Ale","beer":1}
					]},
					{"name":"Double IPA","children":[
						{"name": "Dogfish Head 120 Minute IPA","beer":1},
						{"name": "Flying Dog Double Dog Double Pale Ale","beer":1},
						{"name": "BrewDog Sink the Bismarck","beer":1}
					]}
				]},
				{"name":"India Pale Ale","children":[
					{"name": "Bear Republic Racer 5","beer":1},
					{"name": "Stone IPA","beer":1},
					{"name": "Harpoon IPA","beer":1},
					{"name": "Victory HopDevil","beer":1},
					{"name":"Black IPA","children":[
						{"name": "Laughing DogZilla Black IPA","beer":1},
						{"name": "Southern Tier Iniquity","beer":1}
					]}
				]},
				{"name":"English Pale Ale/Bitter","children":[
					{"name": "Morland Old Speckled Hen","beer":1},
					{"name": "Goose Island Honker's Ale","beer":1},
					{"name": "Boddingtons Pub Ale","beer":1},
					{"name": "Gritty McDuff's Best Butter","beer":1},
					{"name":"Light Ale","children":[
						{"name": "Goacher's Fine Light Ale","beer":1},
						{"name": "Courage Light Ale","beer":1}
					]},
					{"name":"Premium Bitter/ESB","children":[
						{"name": "Wychwood Hobgoblin","beer":1},
						{"name": "Fuller's ESB","beer":1}
					]},
					{"name":"Burton Pale Ale","children":[
						{"name": "Bass Ale","beer":1}
					]}
				]}
			]},
			{"name":"Brown Ale","children":[
				{"name": "Newcastle Brown Ale","beer":1},
				{"name": "Abita Turbodog","beer":1}
			]},
			{"name":"Mild Ale","children":[
				{"name": "Brains Dark","beer":1},
				{"name": "Motor City Ghettoblaster","beer":1}
			]},
			{"name":"Pumpkin Ale","children":[
				{"name": "Southern Tier Imperial Pumking Ale","beer":1},
				{"name": "Post Road Pumpkin Ale","beer":1}
			]},
			{"name":"American Wild Ale","children":[
				{"name": "Russian River Consecration","beer":1},
				{"name": "Jolly Pumpkin La Roja","beer":1}
			]},
			{"name":"Lambic","children":[
				{"name":"Faro","children":[
					{"name": "Giradin Faro","beer":1},
					{"name": "Boon Faro Pertotale","beer":1}
				]},
				{"name":"Gueuze","children":[
					{"name": "Boon Oude Gueuze Mariage Parfait","beer":1},
					{"name": "Drie Fonteinen Oude Gueuze","beer":1}
				]},
				{"name":"Fruit","children":[
					{"name": "Kriek De Ranke","beer":1},
					{"name": "Lindemans Framboise","beer":1}
				]},
				{"name":"Unblended","children":[
					{"name": "Cantillon Iris","beer":1},
					{"name": "De Cam Lambiek","beer":1}
				]}
			]},
			{"name":"Sahti","children":[
				{"name": "Dogfish Head Sah'tea","beer":1},
				{"name": "New Belgium Lips of Faith Sahti","beer":1}
			]},
			{"name":"Belgian/French Ale","children":[
				{"name":"Witbier","children":[
					{"name": "Blue Moon Belgian Whiye","beer":1},
					{"name": "Allagash White","beer":1},
					{"name": "Hoegaarden Original White Ale","beer":1},
					{"name": "Unibroue Blanche de Chambly","beer":1}
				]},
				{"name":"Oud Bruin","children":[
					{"name": "Petrus Oud Bruin","beer":1},
					{"name": "Deschutes The Dissident","beer":1}
				]},
				{"name":"Saison","children":[
					{"name": "Saison Dupont","beer":1},
					{"name": "Ommengang","beer":1}
				]},
				{"name":"Biere De Garde","children":[
					{"name": "Lost Abbey Avant Garde","beer":1},
					{"name": "St. Sylvestre 3 Monts","beer":1}
				]},
				{"name":"Biere De Champagne","children":[
					{"name": "Malheur Biere Brut","beer":1},
					{"name": "Scaldis Prestige","beer":1}
				]},
				{"name":"Belgian Pale Ale","children":[
					{"name": "Leffe Blonde","beer":1},
					{"name": "Orval Trappist Ale","beer":1},
					{"name":"Belgian Strong Pale Ale","children":[
						{"name": "Duvel","beer":1},
						{"name": "Delirium Tremens","beer":1},
						{"name":"Tripel","children":[
							{"name": "Chimay Tripel","beer":1},
							{"name": "Unibroue La Fin du Monde","beer":1}
						]}
					]}
				]},
				{"name":"Belgian Dark Ale","children":[
					{"name": "Ommegang Rare Vos","beer":1},
					{"name": "Bink Bruin","beer":1},
					{"name":"Belgian Strong Dark Ale","children":[
						{"name": "Gulden Draak","beer":1},
						{"name": "Troegs Mad Elf","beer":1},
						{"name": "Trappistes Rochefort 8","beer":1},
						{"name":"Dubbel","children":[
							{"name": "Goose Island Pere Jacques","beer":1},
							{"name": "St. Bernardus Prior 8","beer":1}
						]},
						{"name":"Quadrupel","children":[
							{"name": "La Trappe Quadrupel","beer":1},
							{"name": "Avery The Reverend","beer":1}
						]}
					]}
				]},
				{"name":"Flanders Red Ale","children":[
					{"name": "Rodenbach Grand Cru","beer":1},
					{"name": "Duchesse de Bourgogne","beer":1}
				]}
			]},
			{"name":"Stout/Porter","children":[
				{"name":"American Porter","children":[
					{"name": "Great Lakes Edmund Fitzgerald Porter","beer":1},
					{"name": "Smuttynose Robust Porter","beer":1}
				]},
				{"name":"American Stout","children":[
					{"name": "Sierra Nevada Stout","beer":1},
					{"name": "Deschustes Obsidian Stout","beer":1}
				]},
				{"name":"English Porter","children":[
					{"name": "Fuller's London Porter","beer":1},
					{"name": "Greary London-Style Porter","beer":1}
				]},
				{"name":"Irish Stout","children":[
					{"name": "Murphy's Irish Stout","beer":1},
					{"name": "Guiness Draught","beer":1},
					{"name": "Beamish Stout","beer":1},
					{"name":"Foreign Stout","children":[
						{"name": "Lion Stout","beer":1},
						{"name": "Reaper Ale Mortality Stout","beer":1},
						{"name": "Guiness Foreign Extra Stout","beer":1}
					]}
				]},
				{"name":"Imperial Stout","children":[
					{"name": "Rogue Imperial Stout","beer":1},
					{"name": "Stone Imperial Russian Stout","beer":1},
					{"name": "Mikkeller Beer Geek Breakfast","beer":1},
					{"name": "Southern Tier Choklat","beer":1},
					{"name": "Brooklyn Black Chocolate Stout","beer":1}
				]},
				{"name":"Flavored Stout","children":[
					{"name": "Brooklyn Black Chocolate Stout","beer":1},
					{"name": "Southern Tier Choklat","beer":1},
					{"name": "Porterhouse Oyster Stout","beer":1},
					{"name": "Lagunitas Cappuccino Stout","beer":1},
					{"name": "Bell's Java Stout","beer":1}
				]},
				{"name":"Oatmeal Stout","children":[
					{"name": "Iron Fist Brewing Velvet Glove","beer":1},
					{"name": "Samuel Smith's Oatmeal Stout","beer":1}
				]},
				{"name":"Baltic Porter","children":[
					{"name": "Zywiee Porter","beer":1},
					{"name": "Victory Baltic Thunder","beer":1},
					{"name": "Koff Porter","beer":1}
				]},
				{"name":"Sweet Stout","children":[
					{"name": "Young's Double Chocolate Stout","beer":1},
					{"name": "Mackenson XXX Stout","beer":1}
				]}
			]},
			{"name":"Cream Ale","children":[
				{"name": "New Glarus Spotted Cow","beer":1},
				{"name": "Genny Cream Ale","beer":1}
			]},
			{"name":"California Common","children":[
				{"name": "Steamworks Steam Engine Lager","beer":1},
				{"name": "Anchor Steam Beer","beer":1}
			]},
			{"name":"German Ale","children":[
				{"name":"Roggenbier","children":[
					{"name": "Thrun Und Taxis Roggen","beer":1}
				]},
				{"name":"Kolsch","children":[
					{"name": "Pyramid Curve Ball Kolsch","beer":1},
					{"name": "Reissdorf Kolsch","beer":1}
				]},
				{"name":"Altbier","children":[
					{"name": "Uerige Doppelsticke","beer":1},
					{"name": "Alaskan Amber","beer":1}
				]},
				{"name":"Weissbier","children":[
					{"name":"Hefeweizen","children":[
						{"name": "Paulaner Hefeweissbier","beer":1},
						{"name": "Kapuziner Weissebier","beer":1}
					]},
					{"name":"Gose","children":[
						{"name": "Upright Brewing Gose","beer":1},
						{"name": "Bayerisher Bahnhof Original Leipziger Gose","beer":1}
					]},
					{"name":"Berliner Weisse","children":[
						{"name": "Berliner Kindl Weisse","beer":1},
						{"name": "Weihenstephan 1809","beer":1}
					]},
					{"name":"Kristall-Weizen","children":[
						{"name": "Tucher Kristall Weizen","beer":1},
						{"name": "Weihenstephan Kristall Weissbier","beer":1}
					]},
					{"name":"Weizenbock","children":[
						{"name": "Schneider Aventinus","beer":1},
						{"name": "Victory Moonglow Weizenbock","beer":1}
					]},
					{"name":"Dunkel-Weizen","children":[
						{"name": "Erdinger Weissbier Dunkel","beer":1},
						{"name": "New Glarus Black Wheat","beer":1}
					]}
				]}
			]}
		]},
		{"name":"Lager","children":[
			{"name":"German Lager","children":[
				{"name":"Dortmunder","children":[
					{"name": "Great Lakes Dortmunder Gold","beer":1},
					{"name": "Ayinger Jahrhundert Bier","beer":1}
				]},
				{"name":"Bock","children":[
					{"name":"Maibock/Helles","children":[
						{"name": "Hofbrau Maibock","beer":1},
						{"name": "Rogue Dead Guy Ale","beer":1}
					]},
					{"name":"Doppelbock","children":[
						{"name": "Spaten Optimator","beer":1},
						{"name": "Ayinger Celebrator Doppelbock","beer":1}
					]},
					{"name":"Eisbock","children":[
						{"name": "Capital Brewery Eisphyre","beer":1},
						{"name": "Kulmbacher Reichelbrau Eisbock","beer":1}
					]},
					{"name":"Dunkler Bock","children":[
						{"name": "Samuel Adams Chocolate Bock","beer":1},
						{"name": "Einbecker Ur-Bock Dunkel","beer":1}
					]}
				]},
				{"name":"Keller Bier","children":[
					{"name": "Voodoo Pilzilla","beer":1},
					{"name": "St. Georgenbrau Keller Bier","beer":1}
				]},
				{"name":"Marzen","children":[
					{"name": "Spaten Oktoberfestbier Ur-Marzen","beer":1},
					{"name": "Paulaner Oktoberfest","beer":1}
				]},
				{"name":"Schwarzbier","children":[
					{"name": "Kostritzer Schwarzbier","beer":1},
					{"name": "Kelso Chocolate Lager","beer":1},
					{"name": "Samuel Adams Black Lager","beer":1}
				]},
				{"name":"Munich Lager","children":[
					{"name":"Munich Helles","children":[
						{"name": "Stoudt's Gold Lager","beer":1},
						{"name": "Warsteiner Premium Dunkel","beer":1},
						{"name": "Lowenbrau Original","beer":1}
					]},
					{"name":"Munich Dunkel","children":[
						{"name": "Weihenstephaner Original","beer":1},
						{"name": "Negra Modelo","beer":1}
					]}
				]},
				{"name":"Vienna Lager","children":[
					{"name": "Samuel Adams Boston Lager","beer":1},
					{"name": "Dos Equis Amber Lager","beer":1},
					{"name": "Great Lakes Eliot Ness","beer":1}
				]},
				{"name":"Rauchbier","children":[
					{"name": "Spezial Rauchbier Lager","beer":1},
					{"name": "Aecht Schlenkerla Rauchbier Marzen","beer":1}
				]}
			]},
			{"name":"European Lager","children":[
				{"name":"European Pale Lager","children":[
					{"name": "Harp Lager","beer":1},
					{"name": "Grolsch Premium Lager","beer":1},
					{"name": "Stella Artois","beer":1},
					{"name": "Peroni Nastro Azzuro","beer":1},
					{"name": "Heineken Lager Beer","beer":1},
					{"name": "Kronenbourg 1664","beer":1}
				]},
				{"name":"European Strong Lager","children":[
					{"name": "Carlsberg Elephant","beer":1},
					{"name": "Warka Strong","beer":1},
					{"name": "Baltika #9 Extra","beer":1},
					{"name":"European Dark Lager","children":[
						{"name": "Moonlight Brewing Death & Taxes","beer":1},
						{"name": "Port Brewing Hot Rocks Lager","beer":1},
						{"name": "Leinenkugel's Creamy Dark","beer":1}
					]}
				]}
			]},
			{"name":"Pilsner","children":[
				{"name":"American Imperial Pilsner","children":[
					{"name": "Samuel Adams Hallertau Imperial Pilsner","beer":1},
					{"name": "Dogfish Head Golden Era","beer":1}
				]},
				{"name":"American Pilsner","children":[
					{"name": "Labatt's Blue","beer":1},
					{"name": "Yuengling Premium Lager","beer":1}
				]},
				{"name":"German Pilsener","children":[
					{"name": "Victory Prima Pils","beer":1},
					{"name": "Beck's","beer":1},
					{"name": "Jever Pilsener","beer":1},
					{"name": "St. Pauli Girl","beer":1}
				]},
				{"name":"Bohemian Pilsner","children":[
					{"name": "Pilsner Urquell","beer":1},
					{"name": "Lagunitas PILS","beer":1},
					{"name": "Budweiser Budwar","beer":1}
				]}
			]},
			{"name":"American Lager","children":[
				{"name":"American Pale Lager","children":[
					{"name": "Saranac Lager","beer":1},
					{"name": "Michelob","beer":1},
					{"name": "Moosehead Lager","beer":1}
				]},
				{"name":"American Dark/Amber Lager","children":[
					{"name": "Brooklyn Lager","beer":1},
					{"name": "Killian's Irish Red","beer":1},
					{"name": "Coney Island Lager","beer":1}
				]},
				{"name":"American Adjunct Lager","children":[
					{"name": "Tsingtao","beer":1},
					{"name": "Budweiser","beer":1},
					{"name": "PBR","beer":1},
					{"name": "Presidente","beer":1},
					{"name": "Miller High Life","beer":1},
					{"name": "Corona Extra","beer":1},
					{"name": "Rolling Rock Extra Pale","beer":1},
					{"name":"Light Beer","children":[
						{"name": "Bud Light","beer":1},
						{"name": "Keystone Light","beer":1},
						{"name": "Coors Light","beer":1}
					]},
					{"name":"Malt Liquor","children":[
						{"name": "King Cobra","beer":1},
						{"name": "Rogue Dad's Little Helper Malt Liqour","beer":1},
						{"name": "Olde English 800","beer":1}
					]},
					{"name":"Dry Beer","children":[
						{"name": "Milwaukee's Best Dry","beer":1}
					]},
					{"name":"Ice Beer","children":[
						{"name": "Natural Ice","beer":1},
						{"name": "Bud Ice","beer":1}
					]},
					{"name":"Japanese Rice Lager","children":[
						{"name": "Sapporo Premium Beer","beer":1},
						{"name": "Asahi Super Dry","beer":1}
					]}
				]}
			]}


		]}
	]
}